{
    "epoch": 3.0,
    "test_accuracy": 0.9790559958199077,
    "test_f1": 0.8986925197900916,
    "test_loss": 0.195844367146492,
    "test_precision": 0.88881069669247,
    "test_recall": 0.9087965461413924,
    "test_runtime": 32.8719,
    "test_samples_per_second": 105.044,
    "test_steps_per_second": 26.284,
    "total_flos": 863487321138360.0,
    "train_loss": 0.08743369582710495,
    "train_runtime": 2434.2243,
    "train_samples_per_second": 17.304,
    "train_steps_per_second": 4.327,
    "validation_accuracy": 0.9913849186791522,
    "validation_f1": 0.9500766740500937,
    "validation_loss": 0.05688482150435448,
    "validation_precision": 0.9473326537546721,
    "validation_recall": 0.9528366370471634,
    "validation_runtime": 31.4602,
    "validation_samples_per_second": 103.305,
    "validation_steps_per_second": 25.842
}