{
    "epoch": 3.0,
    "test_accuracy": 0.982700303768016,
    "test_f1": 0.9129784425868895,
    "test_loss": 0.11766604334115982,
    "test_precision": 0.9068344694983395,
    "test_recall": 0.9192062367115521,
    "test_runtime": 28.2597,
    "test_samples_per_second": 122.188,
    "test_steps_per_second": 7.643,
    "total_flos": 1049432144430888.0,
    "train_loss": 0.09787039467803257,
    "train_runtime": 1285.5739,
    "train_samples_per_second": 32.766,
    "train_steps_per_second": 2.049,
    "validation_accuracy": 0.9908617968552111,
    "validation_f1": 0.9481817418325353,
    "validation_loss": 0.03880084678530693,
    "validation_precision": 0.9454027801038352,
    "validation_recall": 0.9509770889487871,
    "validation_runtime": 28.6327,
    "validation_samples_per_second": 113.507,
    "validation_steps_per_second": 7.125
}